CUSTOMER_NUMBER,FIRST_NAME,LAST_NAME,BIRTH_DATE,SSN,CUSTOMER_ADDRESS.STREET,CUSTOMER_ADDRESS.HOUSE_NUMBER,CUSTOMER_ADDRESS.CITY,CUSTOMER_ADDRESS.STATE,CUSTOMER_ADDRESS.COUNTRY,CUSTOMER_ADDRESS.ZIP_CODE,CREDITCARD.NUMBER,CREDITCARD.EXPIRATION_DATE,CREDITCARD.VERIFICATION_CODE,CREDITCARD.PROVIDER
ENJY5070,Ryan,Grimes,2001-02-20,378-86-4783,Roger Passage,023,Schmidtport,Hawaii,South Georgia and the South Sandwich Islands,64797,378001810969222,8-2025,666,Diners Club / Carte Blanche
BBUH0599,Joseph,Morris,1972-02-23,352-68-6183,Mccann Knolls,88018,Lake Brittany,New York,Samoa,73820,3096345653902609,3-2026,991,VISA 16 digit
DOXP8251,Daniel,Combs,1958-12-06,557-77-3123,Kimberly Station,1922,Lake Charles,West Virginia,Uganda,35786,3096561282993807,11-2033,475,Discover
FYPK0589,Isabel,Moore,1997-09-09,646-85-6236,Summers Light,6538,Hornville,Vermont,Bouvet Island (Bouvetoya),31117,4610007418660,8-2032,553,JCB 15 digit
LPXS3209,Lisa,Becker,1932-11-08,055-30-4601,Kaylee Brooks,9093,New Nancystad,Arizona,Antarctica (the territory South of 60 deg S),25506,4715572328681990,6-2026,993,JCB 16 digit
HSCS8144,Melissa,Sims,1950-07-06,280-73-9254,Porter Hills,5514,Curtischester,Montana,Macedonia,93855,5433705876428020,9-2029,185,Discover
IJLL9794,Michael,Page,1928-10-27,879-90-1658,Anthony Turnpike,55479,Rodrigueztown,Utah,Georgia,24969,5138219660752387,5-2032,3438,JCB 15 digit
SUTP5518,Connor,Hanson,1998-12-19,416-76-9244,Rhonda Springs,388,North Stephaniemouth,Hawaii,Macao,83658,501842405836,9-2029,037,VISA 16 digit
ZZCB7124,Ryan,Salinas,1966-07-04,415-38-0738,Reed Loaf,8050,Bakerchester,Massachusetts,Paraguay,17356,869994935372312,4-2028,202,Maestro
MQFN6589,Amanda,Robertson,1968-10-19,521-70-7490,Carter Overpass,58984,Jamesmouth,Alabama,Guatemala,30644,210042993114998,3-2034,296,VISA 16 digit
ZTSV9643,Charles,Taylor,1974-12-16,898-46-7263,Justin Harbor,72252,Justinview,Colorado,Philippines,72390,4523465235586422,8-2026,178,Maestro
BCIQ7578,Thomas,Porter,1975-12-29,533-74-2406,Crawford Meadow,2838,North Vincentmouth,Hawaii,El Salvador,72431,3337198421605064,11-2031,231,Discover
QHVQ7493,Lisa,Grimes,1960-03-02,741-30-0416,Sheri Ridge,62661,South Kelliechester,New Mexico,Hungary,93929,3337019087774376,8-2032,414,JCB 16 digit
CVCT4537,Elizabeth,Clark,1937-02-04,073-38-1687,Morales Loop,445,North Nicolehaven,Kansas,Pakistan,99472,4327795923328,8-2032,476,Maestro
JHBA3076,Adam,Wheeler,1954-12-14,606-60-0135,Tamara Squares,867,Lake Amandaton,Montana,Marshall Islands,11228,676290927513,1-2027,151,Voyager
FYBG5808,Maria,Burke,1983-12-22,480-47-7439,Mark Pike,96187,Cherylborough,Michigan,Djibouti,33950,5369074213927501,3-2029,661,Discover
VERW2833,Brenda,Rodriguez,1984-01-17,459-41-5238,Christopher River,89908,West Dean,Texas,Singapore,93060,30475703954311,3-2028,103,JCB 15 digit
HLSM9201,Nicholas,Romero,1985-09-22,164-95-7269,Powell Shoal,84430,Port Mary,Ohio,Ireland,95890,589320160809,2-2034,675,Voyager
BION3236,Danielle,Palmer,1949-06-18,697-87-0761,Gregory Parkways,515,West Michaelshire,Wyoming,Estonia,88995,4729909533391532,10-2029,475,JCB 16 digit
ZSXK7043,Brittney,Santiago,1956-02-28,347-24-2050,Katrina Greens,045,New Robertmouth,Hawaii,Egypt,81474,675933248402,11-2030,266,JCB 16 digit
IKNU3560,Michael,Jenkins,1937-08-05,671-67-0474,Bethany Valleys,2168,Candaceborough,Texas,Equatorial Guinea,60136,3112542148405350,7-2033,320,Mastercard
OSMD7499,Dennis,Rogers,1962-02-05,514-13-5875,Griffith Springs,704,West Randy,North Dakota,Djibouti,22864,869909950281586,4-2034,126,Mastercard
GCNS3193,Martin,Mcdaniel,1941-06-10,366-04-8306,Rodriguez Mill,813,Port Tina,Vermont,Austria,74734,3088932480182024,4-2033,226,JCB 15 digit
KWFK6499,Heather,Wilson,1986-03-27,823-65-3581,Christine Skyway,1541,South Calebshire,Tennessee,Madagascar,55891,342061099754060,6-2031,181,JCB 16 digit
RJQB5198,Kimberly,Ross,2002-03-30,800-70-7227,Hunter Landing,138,Port Samanthaland,New Mexico,New Zealand,18193,869948002527323,8-2029,043,Voyager
TXGD7793,Jennifer,Underwood,1997-01-15,380-37-5659,Johnson Station,42410,North Jillian,Virginia,Comoros,18817,3158098489663417,6-2026,011,VISA 16 digit
YBEU6335,Andre,Smith,1994-07-14,272-14-2318,Cameron Parkways,1295,Simsmouth,Minnesota,Argentina,62959,5543750722137711,12-2032,578,JCB 16 digit
UBDI4537,Caitlin,Sanchez,2001-11-13,621-15-5553,Howard Unions,48708,Ericberg,Georgia,Guadeloupe,36246,210037424915989,6-2028,094,JCB 16 digit
BDFE1269,David,Harrison,1941-02-22,142-99-1178,Jacobs Trail,731,Port James,New York,Jersey,05497,5212569224478849,5-2032,503,VISA 16 digit
KQCS0644,John,Elliott,1949-11-22,751-14-4204,Wood Forks,897,Chambersstad,Missouri,Turks and Caicos Islands,72055,3337796952988815,1-2026,690,VISA 16 digit
NVDY0835,Jennifer,Evans,1967-01-02,349-82-3383,Amanda Harbor,7469,Donnaview,West Virginia,Egypt,61764,3337614227732332,4-2027,4416,American Express
DYYZ5076,Derek,Pace,1964-05-22,556-12-8368,Johnson Estates,895,Port Julie,South Carolina,Colombia,46886,30454116358642,7-2034,802,VISA 16 digit
WHTD6984,Paul,Dixon,1959-03-05,560-23-6908,Brent Freeway,81628,Seanmouth,South Dakota,Pitcairn Islands,87376,4319435518477,4-2031,024,Diners Club / Carte Blanche
ENGQ8850,John,Flores,1971-09-27,806-33-5365,Phyllis Summit,42350,Andrewhaven,Louisiana,Chad,03484,630480127327,3-2034,005,Voyager
CEYS6045,Jason,Miller,1941-04-22,768-13-0362,Walsh Shore,416,South Amy,Oklahoma,Congo,65702,060415933690,7-2025,4267,JCB 16 digit
SKID2604,Lisa,Martinez,1939-05-03,546-98-1533,Castaneda Camp,9653,Kimberlychester,Utah,Tuvalu,71758,6011661491859834,9-2027,806,JCB 15 digit
THCJ8609,Christopher,Perez,1969-07-22,527-63-4359,Contreras Knoll,1320,South Caitlin,Louisiana,Denmark,57016,3528093432127969,6-2029,617,Discover
DUMU0038,Amanda,Phillips,1958-07-24,126-23-0113,Boyle Lodge,2983,Port Rebecca,Oregon,Equatorial Guinea,40694,676328303976,6-2033,881,JCB 16 digit
OVNT7217,Sheri,Pruitt,1986-06-03,219-51-2991,Amy Trail,6266,New Madison,Maine,Zimbabwe,32350,4754891647263,11-2027,013,VISA 16 digit
SJFW1732,Kaitlyn,White,1962-11-19,854-96-1693,Amy Forest,7178,Kellychester,Alabama,Slovenia,10523,501878257812,1-2026,036,VISA 13 digit
XUKA1453,Ryan,Rojas,2004-01-04,572-54-1037,Jill Roads,8234,Port Noahmouth,Pennsylvania,Burundi,91916,630455241020,9-2025,404,VISA 13 digit
HXAE7862,Kevin,Dyer,1964-07-12,428-59-8985,Shelton Curve,99193,Hoffmanhaven,Texas,Lesotho,48757,30082693474811,4-2032,190,Discover
VJBC8203,David,Brown,1939-11-11,090-87-6117,Wall Station,337,East Mathewberg,Oregon,Philippines,75595,4741660086570501,8-2033,103,American Express
DQXH0533,Travis,Rivera,1964-09-16,493-91-0550,Emily Road,95357,Wongberg,California,Thailand,12003,5244829969970364,5-2032,671,JCB 15 digit
OQGA7811,Teresa,Riggs,1999-12-13,402-15-9881,Holt Prairie,7827,Richardport,North Carolina,Bermuda,49490,30133164305206,6-2031,562,JCB 15 digit
DYUP3138,Bradley,Cardenas,1965-05-22,537-72-7944,Ryan Loop,065,West Tyler,Nebraska,Bulgaria,52238,210080164431577,2-2029,871,American Express
CMHQ0094,Vanessa,Lynch,1993-03-11,279-35-6916,Jackson Vista,146,West Zoefort,Illinois,Martinique,43426,3096993585695922,7-2026,239,Maestro
LXNZ9663,Randy,Haley,1970-03-16,823-44-5104,Elizabeth Stream,71425,East Sherri,New Mexico,Ethiopia,14202,30548487202014,4-2031,655,Diners Club / Carte Blanche
XEND4718,Nicholas,Romero,1928-05-20,134-62-6473,Sellers Brooks,344,Davidside,Delaware,Gabon,14283,4602698389527313,2-2029,822,Mastercard
XCMK6973,Barbara,Wong,1944-08-29,397-15-4719,Damon Roads,0073,Rosaleshaven,Montana,Saint Lucia,10073,6011949503536197,6-2034,7475,Voyager
CVLV0585,Benjamin,Jordan,1980-02-27,109-44-8768,Lori Key,24136,Joseside,Ohio,United Arab Emirates,81184,6011400551667831,7-2027,606,Discover
JZEI4654,Daniel,West,1951-08-07,819-98-0875,Audrey Vista,12972,East Jeantown,Wisconsin,Norway,37015,060424301046,9-2033,946,Discover
XYWD8847,Robin,Mitchell,1962-08-20,595-72-2261,Clayton Ports,721,Cunninghamton,Missouri,Netherlands,67741,5423925190846341,4-2025,887,American Express
JFRM9801,Rachel,Stanley,1998-11-08,487-12-9403,Christina Islands,6083,Lake Zacharyhaven,Alaska,Hong Kong,39405,347576393161394,9-2030,691,American Express
WEUV2405,Miguel,Webster,1961-10-16,155-94-5637,Chandler Views,6361,East Logan,South Carolina,Yemen,12656,060447398797,1-2025,033,American Express
IEWM8020,John,Patterson,1953-07-29,295-93-8476,Allison Inlet,0228,Fisherburgh,Mississippi,Cook Islands,51530,3158013794937075,11-2030,501,JCB 15 digit
QJYE4562,Gerald,Hopkins,1959-03-04,727-14-1250,Nichole Fort,2396,Madelineside,Missouri,Hong Kong,63462,30145050774964,10-2026,527,VISA 16 digit
QIJD8945,Sherri,Melton,1972-02-05,892-73-3008,Angelica Cove,971,North Susanville,Mississippi,Saint Barthelemy,27244,3112397175189868,5-2030,755,JCB 16 digit
MUCI3933,Rachel,Young,1977-04-11,063-16-7596,White Streets,9321,Mortonport,Mississippi,Liberia,92413,4332870509762776,11-2029,102,American Express
YBGU3928,Elizabeth,Wagner,1934-05-25,571-37-8859,Nelson Burg,55842,South William,Rhode Island,Bahrain,68019,210045914888681,10-2034,064,Maestro
CSYM1982,Maria,Ewing,1969-01-10,667-64-6345,Mcdonald Summit,254,Huntton,Kentucky,Saudi Arabia,59429,4602596927572041,1-2031,265,JCB 16 digit
IVCY9648,Jeffrey,Rogers,1942-05-16,700-58-4341,Shepherd Fort,99418,North Stephen,Rhode Island,Panama,53806,4854429001158419,6-2031,705,JCB 16 digit
WWKU8944,Brittney,Riddle,1939-06-11,636-69-7536,Miranda Island,1093,Harrisborough,Delaware,Greece,63464,869997798966690,3-2029,397,Mastercard
ZDQU7894,Samantha,Moon,1942-05-03,448-37-3758,Catherine Plains,30820,Douglasville,Minnesota,Sudan,21341,3088313681729733,8-2026,493,JCB 15 digit
VQWJ8570,Roberto,Sherman,1991-04-07,201-42-7268,Robert Passage,18373,Bradleyview,Oregon,Liberia,69389,346820238628345,2-2030,129,Mastercard
LHWY5685,Julie,Rivera,1975-04-10,392-86-8947,Mooney Hill,7605,South Karen,Louisiana,Poland,29653,3158921128620342,11-2029,340,Mastercard
GKPV1380,Katie,Rosario,1948-09-28,086-11-8466,Mary Union,398,New Amandaton,Alaska,Vanuatu,90039,4808148058806947,12-2026,3813,Maestro
TASJ1275,Curtis,Moore,1945-03-13,748-44-4707,Ruiz Roads,98096,Michelleburgh,Arkansas,Ghana,51873,3112453533469227,7-2034,355,JCB 16 digit
BFHR9071,Madison,Stewart,1955-10-31,378-18-2713,Connie Rapid,4632,Port Heatherbury,Kansas,Syrian Arab Republic,52013,869964541486434,2-2032,2360,VISA 16 digit
GQQB4696,Andrea,Murphy,1949-03-03,650-57-7918,Sarah Fields,48096,Timothyburgh,Missouri,Netherlands Antilles,79658,4961617034909812,1-2032,003,Diners Club / Carte Blanche
RHOX5408,Kelli,Peterson,1974-11-23,481-44-7210,Justin Viaduct,4717,Lake Rebecca,Missouri,Martinique,37774,210053263978921,9-2028,7769,American Express
XCRU4352,Stephen,Barry,1926-06-15,673-38-4338,Hannah Oval,288,East Christopherton,Rhode Island,Macedonia,05952,501895115720,3-2030,986,JCB 15 digit
MEYR4035,David,Snyder,1934-04-22,058-22-6376,Austin Streets,08628,Davisfort,Michigan,Grenada,05609,375101105075645,6-2025,561,Maestro
BDKI8050,Christina,Martinez,1964-04-12,779-64-1290,William Stravenue,135,North Michael,New York,Qatar,48920,676297683630,11-2028,388,VISA 16 digit
LJLZ0827,Stephen,Mason,1974-09-19,042-08-2436,Laura Brooks,288,Lake Renee,South Carolina,Portugal,32863,4015561856843772,1-2029,203,Voyager
YOOW5460,Charles,Morgan,1943-08-30,819-83-0305,Joseph Forks,452,Williamside,Tennessee,Wallis and Futuna,82017,30146734203362,10-2028,977,VISA 16 digit
XIKP5634,Erica,Rich,1985-01-01,604-04-2115,Chelsey Groves,154,Carterview,Arizona,Latvia,06752,4792801694056149,8-2027,233,VISA 16 digit
TRHH7810,Chelsey,Morales,1952-08-14,329-66-2171,Kathryn Run,028,Courtneyburgh,Maryland,Cocos (Keeling) Islands,79419,4323086702545865,9-2031,133,Mastercard
KMUC1064,Elizabeth,Benson,1925-04-05,536-33-3054,Daniel Street,9742,New Lisa,Oklahoma,Slovakia (Slovak Republic),38996,5109564988125393,5-2030,063,VISA 16 digit
EWFU9935,Travis,Tucker,1999-04-19,233-72-1377,Gonzales Points,49126,East Emily,Alabama,Gambia,71654,3112257231171153,12-2033,726,VISA 16 digit
UCIU4927,Joshua,Brown,1943-07-04,851-29-3741,Cindy Manor,51456,Lake Edward,Colorado,Holy See (Vatican City State),42126,5576932329925041,12-2034,168,JCB 16 digit
HQER6423,Lori,Lee,1996-11-05,510-88-7880,Scott Bridge,041,Adamsmouth,Alaska,Moldova,43560,30286030996721,6-2028,2987,VISA 13 digit
THOZ5201,Mark,Ford,1968-09-18,287-66-3454,John Club,6091,South Debra,New Jersey,Nigeria,08090,060482109158,10-2028,694,Discover
CMXN6983,Elizabeth,Ayala,2000-06-06,778-56-2258,Cathy Mountains,723,Lake Ashley,New Mexico,Switzerland,58986,4262721933649119,2-2025,435,Voyager
MGMV4726,Rhonda,Mack,1985-10-12,467-80-5591,Campbell Islands,23606,Geneton,Illinois,South Georgia and the South Sandwich Islands,30272,4667878889732678,6-2025,909,JCB 15 digit
HZSP2460,David,Green,1947-11-07,861-83-8090,Nicole Centers,7313,North Michaelchester,New Hampshire,Latvia,65088,869939726509416,12-2031,126,JCB 16 digit
GIQS4126,Shannon,Hart,1972-11-04,378-56-3050,Thomas Village,01957,Davidton,Connecticut,Zimbabwe,32752,630411823945,5-2025,392,Diners Club / Carte Blanche
EZXG7954,Hailey,Patterson,2005-05-28,052-30-4865,Reynolds Creek,10434,New Kimberly,Kansas,Nicaragua,38597,3337359437671843,12-2032,0105,JCB 16 digit
RNWV7672,Maria,Giles,1977-03-30,243-23-9167,Jeff Springs,448,Castillofurt,Missouri,Jamaica,68850,378473929958919,1-2027,536,VISA 13 digit
YXRS4952,Haley,Williamson,1937-11-07,100-93-8875,Murray Creek,87713,South Jesus,Michigan,French Southern Territories,27512,5104965012474142,4-2033,051,JCB 16 digit
BOLT8183,Gregory,Ortiz,2003-04-23,892-94-4184,Jennifer Port,24908,Port Paige,Arizona,Mayotte,06390,6011654755461884,7-2034,160,Diners Club / Carte Blanche
UAXD2975,Pam,Davis,1947-06-22,203-26-6386,Lowery Junction,932,Ramirezhaven,Mississippi,Holy See (Vatican City State),23112,30068281959164,11-2027,692,JCB 16 digit
JKSZ4276,Jennifer,Perez,1960-02-02,507-99-5760,Rebecca Dam,04488,Goodmanhaven,Maryland,Mali,69549,3088996453401307,11-2034,591,JCB 16 digit
AFRP2663,Sandra,Powers,1972-09-07,439-13-1068,Jessica Station,466,East William,Illinois,Hong Kong,48850,342960139882486,1-2030,9912,VISA 13 digit
YKTL3440,Jesse,Smith,1979-01-15,103-61-1607,Lawrence Crossing,9521,Christophertown,Missouri,China,95409,869960440167851,1-2028,956,VISA 16 digit
VLEJ8248,Jared,Gonzalez,1970-07-09,561-53-0251,Sarah Pike,8560,New Jacobview,Oregon,Bolivia,32952,3158042416387237,11-2034,846,Diners Club / Carte Blanche
OODL1476,Sherry,Farrell,1925-11-10,863-53-7538,Skinner Terrace,7855,Port Donnahaven,New Hampshire,Lao People's Democratic Republic,92944,372762755827404,10-2025,183,Discover
SRKN6506,Christopher,Alexander,1953-10-09,411-51-0290,David Burgs,81110,Fletcherstad,Virginia,Tunisia,76126,6011718929002302,8-2033,122,JCB 15 digit
FFNA0728,Christine,Jones,1991-05-23,176-06-4551,Elizabeth Centers,387,Port Ashleyberg,South Carolina,Papua New Guinea,15721,3158449440226572,8-2029,858,American Express
ZTSP7423,Danielle,Lee,1984-09-21,396-83-3003,Melissa Hill,60969,Port Bryanstad,Colorado,Greece,02199,3528847190134412,11-2034,675,Voyager
QEYN7910,Theresa,Hill,1927-04-05,110-97-1482,Hill Prairie,63400,South Albert,Alaska,Christmas Island,32101,6011172733239629,11-2034,2419,VISA 13 digit
MVCS8929,Joseph,Moreno,1948-05-14,070-30-3657,Patel Vista,6044,East Nicole,Georgia,Western Sahara,06386,4734062901417381,9-2027,538,JCB 15 digit
GIPP1918,Devin,Goodwin,1930-04-26,482-06-7575,Shelia Route,982,Matthewchester,Missouri,Bermuda,05010,4194379185868,5-2030,370,VISA 13 digit
LGNX5169,Thomas,Logan,1980-08-07,632-07-1069,Ellison Tunnel,9719,West Amandafort,Tennessee,Bouvet Island (Bouvetoya),26101,3088034497626638,9-2028,871,JCB 16 digit
YVWS9358,Pamela,Casey,2004-12-14,199-52-4378,Strickland Skyway,0973,Michaelhaven,Washington,Afghanistan,15967,6011264779003231,9-2034,681,JCB 16 digit
LBIP8114,Patrick,Harris,1975-10-12,198-76-6045,Young Fall,519,East Williamborough,Illinois,Korea,63327,6011938541464199,1-2025,358,Discover
GYZB8221,Douglas,Anderson,1936-03-30,070-65-1204,Stevens Views,01989,Brooksburgh,Kansas,Panama,18657,6011437788316790,3-2031,442,VISA 16 digit
DKAG6324,Jason,Meyer,1940-09-15,596-50-8523,Pierce Squares,35362,Martinezland,Washington,Panama,93238,869968559262777,4-2034,659,Discover
GYTO2289,Melvin,Andersen,1927-10-13,725-45-8601,Jones Harbor,1072,East Markmouth,New York,Oman,77204,372527444669313,3-2031,658,VISA 13 digit
UJPZ3672,Lori,Adams,1979-01-15,445-40-2368,Smith Roads,5398,Lake Ann,Rhode Island,Anguilla,91436,3112603811953082,10-2030,347,JCB 15 digit
ABMN9795,Allison,Lucas,1995-07-23,780-29-1032,Patrick Station,6662,Brownberg,Kansas,Swaziland,07328,6011294416166398,9-2025,748,Mastercard
CXSR4951,Robert,Robinson,1995-01-05,538-32-1855,Renee Harbor,6781,West Stevenburgh,Utah,Marshall Islands,79323,869995757798443,11-2032,580,VISA 16 digit
RBLO2184,Lisa,Garrison,1986-07-16,230-03-1469,Butler Inlet,9591,Lake Meganton,New Jersey,Eritrea,57716,4408869998899635,11-2027,969,VISA 16 digit
AOIM7723,Mary,Frederick,1982-08-27,076-85-6964,Emily Pass,027,Crawfordville,Vermont,Mayotte,28880,210057506541156,10-2032,695,JCB 15 digit
JFSG7968,Kylie,Duncan,1962-02-18,003-29-0154,Claire Stravenue,588,North Eric,Florida,Bolivia,42782,4950766266276,5-2026,8071,JCB 16 digit
DYMH7951,Steven,Lopez,1996-09-25,287-19-1279,Williams Rest,6631,Justinfort,Hawaii,Solomon Islands,10260,3096316107951906,2-2028,510,Discover
IZGO0635,Janet,Wells,1958-03-05,278-28-8802,Lambert Fields,509,New Evanmouth,Georgia,Mauritius,46454,3096754467686888,9-2031,753,VISA 16 digit
ERGZ9982,Roy,Torres,1932-10-03,817-19-8180,Mccoy Alley,5081,East Eric,New Hampshire,Antigua and Barbuda,32340,869978978492863,10-2030,342,Diners Club / Carte Blanche
DVXF3333,Kelly,Adams,1954-10-26,143-97-2580,Brown Loaf,225,Garciafort,Texas,Albania,18091,3158189710033429,10-2028,229,VISA 16 digit
VZYM8095,Christina,Green,2004-10-18,396-80-2916,Alvarez Tunnel,63858,New Jeffrey,Louisiana,Sudan,54092,30177322962606,4-2033,998,JCB 16 digit
QTHR3509,Cory,Smith,1973-11-22,043-09-5997,Sims Center,119,North Richard,Missouri,Nepal,64635,3112916012540999,10-2028,0165,Voyager
MQQK7861,Colleen,Smith,1974-01-16,079-22-7355,Jones Meadow,2329,Greenfurt,Texas,Austria,29045,3088882033083635,2-2025,313,VISA 13 digit
UHRJ2518,Kyle,Garcia,1978-04-06,325-97-4401,Larson Underpass,766,East Bryan,Illinois,French Guiana,13806,676154665092,7-2030,929,JCB 15 digit
PQBW7070,Jason,Moss,1984-09-08,787-88-8309,Ethan Path,963,Hicksport,New Mexico,Lebanon,27374,373988309219843,6-2031,534,American Express
KEQX8474,Alyssa,Dickerson,1958-09-24,203-48-1552,John Harbors,9294,Lake Jenniferside,South Dakota,Kyrgyz Republic,28817,30243357394642,5-2026,042,JCB 16 digit
NONO6634,Sarah,Clark,1991-11-30,688-70-8656,Johnson Light,520,New Timothyfurt,New York,Qatar,21996,630448941405,3-2032,993,Diners Club / Carte Blanche
ZLLJ6468,Spencer,Abbott,1948-12-21,179-44-8884,Mitchell Creek,6919,Port Michael,Utah,Ghana,39187,869951343294355,8-2032,334,Maestro
ILLH3477,Allison,Warren,1942-01-13,073-86-3978,Kimberly Skyway,3433,East Stephanie,Illinois,Antarctica (the territory South of 60 deg S),53927,4638620003825,2-2025,423,Maestro
KTHO7010,Angela,Williams,1991-01-12,167-21-7341,Alexis Overpass,61108,New Alyssa,Missouri,British Virgin Islands,86145,3528065393951728,5-2028,858,VISA 16 digit
FZQP8153,Lauren,King,1992-01-01,109-71-6159,Samantha Stream,12138,Theodoretown,Maryland,Congo,87620,6011412411015465,10-2033,602,Maestro
XFNB0224,Trevor,Garcia,1955-11-18,769-32-8692,Holmes Parkway,9208,Andradeville,Maryland,Somalia,91530,869956352776648,4-2033,445,VISA 16 digit
EPZK1796,John,Hernandez,1951-09-17,555-03-1043,Carter Village,874,Lake Ronaldburgh,Oklahoma,Sweden,73009,4766296639455,5-2033,299,Maestro
XVVL4296,Robert,Young,1936-02-02,280-36-6787,Davis Rapids,30899,East Kerry,New York,Kiribati,63703,210072073210473,4-2025,045,Voyager
IAWW0408,Steve,Wilson,1949-03-10,001-18-2449,Gomez Mill,995,Armstrongborough,Oregon,Reunion,05403,589392187185,11-2028,362,Mastercard
RSWC9133,Shawn,Michael,1957-08-23,624-38-5673,Garcia Loaf,590,Younghaven,Nevada,British Virgin Islands,58698,5564139035094849,6-2031,625,Mastercard
DJHK8201,Raymond,Swanson,1939-12-24,826-47-6894,Emily Shoals,2931,Leeside,Vermont,Comoros,52766,869917657516337,6-2030,267,VISA 13 digit
WZUI2615,Julie,Mccarthy,1987-01-03,612-02-7970,Gina Meadow,367,East Brentview,Alaska,Croatia,84402,869951251099002,9-2033,340,VISA 13 digit
CFDR7473,James,Jones,1991-04-27,760-93-4576,Kathryn Harbors,498,New Jamieton,Montana,Guyana,93352,4737233555969384,11-2028,148,Diners Club / Carte Blanche
RLKD5621,Michael,Pennington,1943-08-23,382-85-2676,Gomez Cove,307,South Sean,Iowa,Kazakhstan,11909,210080493009615,3-2027,269,JCB 15 digit
XZEK1070,David,Anderson,1928-09-01,415-06-9251,Stephanie Corners,6133,Clarkland,Mississippi,Mauritius,69678,4363109372829,2-2034,493,JCB 16 digit
XMNU4289,Michael,Fitzpatrick,1936-12-29,298-35-8977,Lisa Flat,642,North Krista,North Dakota,Djibouti,65779,869931741138545,1-2027,2755,VISA 16 digit
RAPV9049,Stephanie,Hess,1986-04-09,581-49-5622,Christine Drive,2720,Lisashire,Ohio,Mali,90297,503870205930,11-2029,581,JCB 16 digit
KKTN4316,Shelly,Anderson,1963-10-18,092-25-2406,Anna Springs,004,Port Samuel,Maine,Nicaragua,31183,6011075169216393,5-2031,752,Discover
CTFQ4731,Nathaniel,Ellis,1961-08-21,882-77-4729,Maynard Valleys,714,North David,Ohio,Zimbabwe,26280,370640332395404,3-2026,215,Maestro
SKWR5365,Crystal,Thompson,1997-08-03,830-56-1677,Valentine Fort,78008,Lake Rachel,Florida,Belgium,38448,210096130804770,3-2030,368,Mastercard
SXKJ9673,Cameron,Goodman,1972-01-14,568-41-8341,John Harbor,18158,New Heather,Colorado,French Guiana,99686,675913638457,2-2032,2865,Maestro
DUIQ0754,Mark,Shea,1965-01-01,254-75-9297,Elliott Meadows,81849,South Candaceside,Oregon,Guinea-Bissau,11880,30136284818594,10-2031,769,Maestro
DXQG2879,Wayne,Johnson,2001-06-28,163-23-3765,Ramos Square,5059,Wilcoxmouth,Alabama,Philippines,76664,6011888136020478,6-2032,329,Diners Club / Carte Blanche
NGZD0361,Albert,Buckley,1978-07-06,062-23-9747,Deborah Meadows,84238,Port Robert,Colorado,Pitcairn Islands,58958,5242362502884027,10-2028,289,VISA 16 digit
ASIU3553,Andrew,Adams,1998-12-10,760-43-2484,Mcdonald Forges,634,Paulland,Maryland,Turkey,76170,342215533316015,4-2026,037,Diners Club / Carte Blanche
HGOV8402,Charles,Cook,1995-03-20,560-19-9770,Allen Hollow,8152,West Katherinehaven,Kansas,United States Minor Outlying Islands,71231,370675540369627,9-2031,794,JCB 15 digit
GWMW7564,Anna,Martin,1964-09-28,363-81-6414,Samuel Divide,75456,North Cheryl,Oregon,Rwanda,78501,30156258840457,7-2030,855,Maestro
WGEE8083,Samantha,Bates,1991-05-15,881-93-7569,Holly Light,90754,Cruzfort,Maryland,Bosnia and Herzegovina,33563,869976747304732,6-2031,2120,VISA 16 digit
ZRIM1431,Jamie,Jordan,1976-01-31,494-66-2818,Renee Throughway,3354,Woodardbury,Delaware,Norfolk Island,15450,676300471940,5-2033,924,VISA 16 digit
HYTR2475,Andrew,Williams,1979-07-30,899-57-3266,Tammy Garden,015,Williamview,Iowa,Antarctica (the territory South of 60 deg S),36395,30067345768033,12-2028,443,VISA 16 digit
OXNF1959,Virginia,Simpson,1962-04-04,297-23-8521,Norris Points,7412,Lake Benjamin,Nebraska,Hungary,74600,869993264818218,3-2034,282,JCB 16 digit
BHXK0523,Jasmine,Wright,2001-06-07,809-32-1849,Angel Club,799,Martinfurt,Kentucky,Croatia,52214,4759742131904,10-2034,115,JCB 15 digit
WJVF6816,Jose,Lewis,1991-12-24,249-86-0975,Owens Light,27144,Port Ashleychester,Texas,Isle of Man,21713,4592667923840161,1-2030,241,VISA 13 digit
QIUN6058,Tanya,Zavala,1965-11-24,510-53-2931,Robbins Ports,088,South Richard,Kentucky,Iraq,17900,3088884960157937,6-2027,121,Voyager
HNXW4891,Amy,Castro,1934-11-06,341-60-0884,Smith Meadows,1822,North Josephchester,Maine,Congo,26811,4922799568937258,8-2033,376,Maestro
TUXZ9526,Nathan,Chapman,1939-10-29,691-96-0176,Sean Wall,123,Fischerborough,Wyoming,Saint Pierre and Miquelon,68284,30425724925576,9-2026,818,VISA 16 digit
SMCL2648,Charles,Schneider,1973-11-10,299-37-4453,Cooper Spur,3453,Lake Joyce,Virginia,New Caledonia,79948,3112009164338808,9-2032,712,Discover
NTDH4458,Gordon,Reed,1942-02-15,769-28-1774,Teresa Roads,552,Nancymouth,Wisconsin,Belgium,92283,6011780188476197,3-2033,013,VISA 13 digit
FAMP7004,John,Murphy,1965-08-27,271-42-5407,Deborah Gardens,07157,South Linda,Ohio,Namibia,18113,4219450486651322,2-2032,506,VISA 16 digit
ZYWD0428,Hunter,Williams,1926-12-17,104-87-5209,Mcdonald Land,1368,Janetland,Utah,Gabon,51710,30439983235700,11-2027,496,Mastercard
HXZU5883,Rhonda,Parker,1931-12-22,056-13-1300,Lewis Points,7028,Brentberg,New Hampshire,Montenegro,16460,30224278883814,12-2032,087,VISA 16 digit
XDVM2385,Emily,Rodriguez,1937-12-20,242-21-9715,Elizabeth Turnpike,0756,Scottchester,Illinois,Tokelau,22355,6011105642913231,6-2032,598,JCB 16 digit
RELE8993,David,Jones,1936-03-02,409-21-2460,Shawn Row,428,East Kerriborough,Nebraska,Oman,10773,3158343114409863,7-2025,098,VISA 16 digit
VJHN1171,Nicole,Boyle,1976-11-17,346-71-5591,Wiley Lock,41978,Port Jennifertown,New Hampshire,Slovakia (Slovak Republic),02853,6011800516267611,1-2030,373,JCB 16 digit
IINW0393,Richard,Martin,1940-01-30,362-46-8609,Shaw Trail,25654,New Andrew,Nebraska,Fiji,19109,501808031824,3-2027,944,JCB 15 digit
OZCN7898,Adam,Wallace,1957-12-30,612-93-4833,Owens Forks,5293,Moralesside,Pennsylvania,Venezuela,03966,6011732645986599,7-2030,159,VISA 16 digit
WJZW1772,Donald,Taylor,1965-01-04,014-83-1423,Cody Rapid,62049,West John,Oregon,Haiti,06857,4496639957473893,6-2031,300,VISA 16 digit
DZEI5308,Billy,Sandoval,1993-07-22,800-03-8249,Craig Run,683,New Angela,Louisiana,Nigeria,05504,4662577110266341,8-2028,470,VISA 13 digit
RCXW3561,Kelsey,Johnson,1979-10-15,372-27-4108,Carr Vista,403,Melaniechester,Alaska,Eritrea,53638,180098293890667,8-2027,782,Mastercard
CBAP1806,Katie,Trevino,1926-06-09,368-82-3637,Ewing Walk,58575,Rosemouth,Wyoming,Bermuda,27347,180082219334174,1-2025,149,JCB 16 digit
IHRD8021,Jill,Gonzalez,2001-05-06,569-13-9178,Everett Parkways,65901,Kennedyburgh,New York,French Southern Territories,70288,869935030266677,10-2033,909,JCB 15 digit
HUKH8480,Brittney,Thompson,1971-10-19,669-14-8323,Kelly Plains,6885,Mullinstown,Michigan,Liberia,11689,210029495335692,2-2031,276,VISA 16 digit
JYWK6219,Robert,Thompson,1986-12-07,293-23-9218,Jennifer Bypass,34890,North Jennyberg,Pennsylvania,Pitcairn Islands,24710,3158236279713600,11-2031,671,Voyager
KCTR1626,Elizabeth,Wall,1944-06-09,294-67-1259,Le Square,610,Andresberg,Mississippi,Marshall Islands,08412,347004771997248,11-2027,343,JCB 15 digit
USOI8337,Richard,Carey,1966-06-16,400-10-8913,Craig Island,72459,Wilsonmouth,Ohio,Algeria,29833,5137878883807749,10-2026,787,Diners Club / Carte Blanche
FPRW1008,Lisa,Schwartz,2004-04-19,002-99-3491,Payne Inlet,4223,Matthewsfort,Indiana,Finland,68454,5358877749634976,3-2025,171,VISA 16 digit
EMWN2452,Susan,Mcfarland,1986-07-14,866-59-1538,Goodman Union,326,Tammyside,Pennsylvania,Pitcairn Islands,28810,869968375484258,12-2028,441,VISA 13 digit
BWWV3917,Jared,Savage,1925-11-25,074-47-7193,Dominguez Freeway,6176,Zoemouth,Nevada,Syrian Arab Republic,65387,4755759548782036,12-2032,119,Mastercard
TJPT2389,Gregory,Johnson,1989-01-31,239-10-8597,Gray Drive,762,Crosbymouth,Oregon,Burkina Faso,13497,4761621141251,12-2033,878,Discover
DSNW1042,Robert,Hughes,1932-11-02,253-29-3940,Clark Route,968,South Aprilshire,Florida,Haiti,41329,675985613354,4-2030,373,American Express
QODU7071,Nichole,Cox,1949-08-26,550-08-3061,Williams Mill,7282,Lake Harryside,Indiana,Armenia,43193,345801307574777,5-2026,258,VISA 16 digit
KCCV5613,Cheryl,Roach,1995-01-07,098-46-0424,Vicki Flat,242,Powellburgh,Alabama,Seychelles,16789,6011123960932097,10-2033,802,Voyager
HNWT3438,Jeanne,Ward,1960-07-30,642-18-6767,Castillo Mills,25243,South Matthew,Alabama,Falkland Islands (Malvinas),18953,6011241971433739,8-2033,410,Maestro
AZUG9913,Jeffrey,Johnson,1969-10-11,676-01-0891,King Flat,36712,Jameschester,Louisiana,Faroe Islands,51638,4169921186256489,9-2029,498,JCB 16 digit
VFZK6154,Cassandra,Fritz,1935-02-17,412-80-6798,Christopher Run,121,Parksborough,New Hampshire,South Africa,90906,869976897546744,12-2030,300,Diners Club / Carte Blanche
YXGU7083,Benjamin,Graves,1992-10-31,096-09-9592,Peter Knolls,2590,Port Greg,Maryland,Malawi,54646,4198588792380,7-2027,422,Voyager
VOZI0060,Michelle,Ramos,1997-05-02,258-26-4859,Joshua Inlet,03761,East Madison,Massachusetts,Czech Republic,01496,346232151389402,1-2032,719,JCB 16 digit
VRUV1256,Caitlin,Brown,1924-12-16,468-64-4067,Dave Highway,086,West Tracey,Oregon,Reunion,83142,561217020180,6-2025,644,Discover
NRTO5662,Michael,Ruiz,1927-10-31,664-22-2538,Daniel Villages,127,West Don,Missouri,Solomon Islands,88642,3088216210001625,10-2025,578,Maestro
ENHH7435,Tanner,Marshall,1925-07-07,615-49-6613,Tina Islands,8468,Ramirezmouth,Alaska,Bahrain,85437,3112508972634498,10-2030,094,VISA 16 digit
HUBC9772,Kelly,Williams,1926-01-30,261-46-1808,Gray Rest,6156,North Sabrina,Maryland,Bosnia and Herzegovina,92218,3088344982075252,9-2025,451,JCB 16 digit
JHMX8528,Jamie,Bradley,1986-10-04,279-53-4415,Rodriguez Place,919,Stephaniemouth,Louisiana,Djibouti,06304,4628921692248058,3-2026,760,Diners Club / Carte Blanche
FDVJ3366,Natalie,Peterson,1943-01-11,244-74-4946,Lopez Throughway,7681,Figueroatown,Alaska,Togo,21002,3096982659402927,10-2025,6270,Voyager
GVMP4176,Joel,Ray,1973-03-20,725-59-8621,Paul Hill,52993,Morrisfort,Wyoming,Kyrgyz Republic,29469,373641949944946,5-2033,502,VISA 13 digit
ZALR3740,Brittany,Roberts,1959-07-06,055-74-4592,Sarah Ports,1481,New Elizabeth,Mississippi,Swaziland,28428,210053088561126,8-2029,937,Discover
